location,flood_history,waterlogging_history,crop_damage_history,marine_hazard_history
Thalatheru,High,High,Medium,Low
Kottucherry East,High,High,High,Medium
Kottucherry West,High,High,High,Medium
Varichikudy,Medium,Medium,High,High
Thiruvettakudy,High,High,High,High
Poovam,Medium,Medium,High,Medium
Nedungadu,Medium,Medium,High,Low
Ponbethy,Medium,Medium,High,Low
Neravy East,High,High,High,Medium
Neravy West,High,High,High,Medium
Vizhithiyur,Medium,Medium,High,Low
Thirunallar North,Medium,Medium,High,Low
Pettai,High,High,Medium,Medium
TR-Pattinam South,High,High,High,High